{
  "seed": 42,
  "n_colors": 38,
  "colors": [
    [
      0.0,
      1.0,
      0.0
    ],
    [
      1.0,
      0.0,
      1.0
    ],
    [
      0.0,
      0.5,
      1.0
    ],
    [
      1.0,
      0.5,
      0.0
    ],
    [
      0.5,
      0.75,
      0.5
    ],
    [
      0.31391945783256214,
      0.010439462222581408,
      0.717602261345454
    ],
    [
      0.704052564599849,
      0.04674674653086763,
      0.024899352183024748
    ],
    [
      0.021286630128852013,
      0.3984062341685555,
      0.37905096273414507
    ],
    [
      0.0,
      1.0,
      1.0
    ],
    [
      1.0,
      1.0,
      0.0
    ],
    [
      0.7622616458589345,
      0.4732771773619857,
      0.9845440369767613
    ],
    [
      0.0,
      1.0,
      0.5
    ],
    [
      0.9679743620319033,
      0.26250237261093823,
      0.5021318173153223
    ],
    [
      0.40076394611744803,
      0.5958573147115532,
      0.025920694835910085
    ],
    [
      0.5219049852241017,
      0.9823795628523361,
      0.9541105720158742
    ],
    [
      0.5,
      1.0,
      0.0
    ],
    [
      0.9558339216503248,
      0.7702419593781775,
      0.429471323965665
    ],
    [
      0.5140143519560575,
      0.31147041455754987,
      0.5020045370722144
    ],
    [
      0.353517567029197,
      0.23158357945772667,
      0.049390111601605335
    ],
    [
      0.005149941070488606,
      0.08773938984852359,
      0.99233228910638
    ],
    [
      0.6388056637647695,
      0.15176180380163995,
      0.9435833803954653
    ],
    [
      0.08898193814441302,
      0.7342689420142908,
      0.7421009808328705
    ],
    [
      0.0496790349467191,
      0.06944105941070144,
      0.37091064621547454
    ],
    [
      0.13089010322141947,
      0.7673341326978819,
      0.24425747248355945
    ],
    [
      0.6871013553064512,
      0.018991674443449624,
      0.48584708976441016
    ],
    [
      0.39431517287077544,
      0.515200507834025,
      0.7952589631927283
    ],
    [
      0.0,
      0.5,
      0.0
    ],
    [
      0.739346343048773,
      0.7547675003536527,
      0.07780747630723017
    ],
    [
      0.0357373592747271,
      0.24724104709345196,
      0.6851696040957487
    ],
    [
      0.7173429910969512,
      0.9989706199643781,
      0.6115559894999525
    ],
    [
      0.9241144706274067,
      0.7103779958754373,
      0.8383490911968466
    ],
    [
      0.6719452808008195,
      0.4052604543980963,
      0.1202830288652672
    ],
    [
      0.75,
      0.5,
      0.5
    ],
    [
      0.9381166348979157,
      0.22509637630251977,
      0.09410599363190641
    ],
    [
      0.9501175506137015,
      0.2583179717358408,
      0.9245074459186297
    ],
    [
      1.0,
      0.0,
      0.5
    ],
    [
      0.2667377185757023,
      0.975245190728717,
      0.7215678216321547
    ],
    [
      0.598866150323546,
      0.7120416502433384,
      0.9410549841517345
    ]
  ]
}